<?xml version="1.0" encoding="UTF-8"?>

<!--
 TP1
 Par:
 - Liu, Rui Jie
 - Lian, Henxing
 -->

<!-- Schéma DTD -->
<!DOCTYPE bibliotheque SYSTEM "bibliotheque.dtd">

<!-- Schéma RelaxNG Compact -->
<?oxygen RNGSchema="bibliotheque.rnc" type="compact"?>

<!-- Feuilles de transformation XSLT -->
<?xml-stylesheet type="text/xsl" href="bibliotheque-visualisation.xsl"?>
<?xml-stylesheet type="text/xsl" href="auteurs-visualisation.xsl"?>
<?xml-stylesheet type="text/xsl" href="livres-visualisation.xsl"?>

<!-- Élément racine, schéma XSD -->
<bibliotheque xmlns:xsi="http://www.w3.org/2001/XMLSchema-instance" xsi:noNamespaceSchemaLocation="bibliotheque.xsd">
    <livres>
        <!-- 1er exemple de livre: tous les éléments & attributs -->
        <livre langue="en-CA" auteurs="auteur1">
            <titre>Livre 1</titre>
            <annee>2000</annee>
            <prix devise="CAD">14.99</prix>
            <couverture>https://images.unsplash.com/photo-1528459105426-b9548367069b?ixlib=rb-1.2.1&amp;ixid=MnwxMjA3fDB8MHxwaG90by1wYWdlfHx8fGVufDB8fHx8&amp;auto=format&amp;fit=crop&amp;w=364&amp;q=80</couverture>
            <commentaire>Résumé du livre 1.</commentaire>
        </livre>
        <!-- 2e exemple de livre: minimum nécessaire d'éléments & attributs -->
        <livre langue="fr-FR" auteurs="auteur1 auteur2">
            <titre>Exemplaire gratuit</titre>
            <annee>1999</annee>
            <prix>0</prix>
        </livre>
    </livres>
    <auteurs>
        <!-- 1er exemple de livre: tous les éléments & attributs -->
        <auteur ident="auteur1">
            <nom>Dupont</nom>
            <prenom>Bob</prenom>
            <pays>Canada</pays>
            <commentaire>Auteur exclusif de Livre 1.</commentaire>
            <photo>https://images.unsplash.com/photo-1570295999919-56ceb5ecca61?ixlib=rb-1.2.1&amp;ixid=MnwxMjA3fDB8MHxwaG90by1wYWdlfHx8fGVufDB8fHx8&amp;auto=format&amp;fit=crop&amp;w=580&amp;q=80</photo>
        </auteur>
        <!-- 2e exemple de livre: minimum nécessaire d'éléments & attributs -->
        <auteur ident="auteur2">
            <prenom>Alice</prenom>
            <nom>Tremblay</nom>
            <pays>France</pays>
            <photo></photo>
        </auteur>
    </auteurs>
</bibliotheque>